95d0ba87f282960178091b2f497f3a87bb2ed00d, 2021-08-11 16:10:49, 316023, 
8f31379d6b424109bb2bdf40c3af71ea048f51d9, 2021-08-10 14:59:56, 314547, 
dc4e3d9dec82b5e1dd0faba7fa369414a382cc99, 2021-07-30 10:12:32, 303436, 
c4b2c61f80087728b7099f625c217d099c2e5e85, 2021-07-15 10:17:05, 280789, 
174d4f2aa13d68e5383b4c964f7cb3d7d10f4b2d, 2021-07-06 15:15:33, 279930, 
61cb92a4c7da7fa67803c7ef60a3d27d0ccbfadf, 2021-07-01 13:47:50, 270617, 
f285cd8f3ebe067ad4f5091ab4df58334bfcf753, 2021-07-01 09:47:29, 270837, 
292d6b33485a42870bb94413603d1c7f1f86e124, 2021-06-30 19:32:48, 270766, 
487496a61690bb4b96d63e92de978f82d28ae332, 2021-06-29 09:58:11, 268823, 
fb0a7850467651d332dd36415c455915ff38f4a5, 2021-06-24 19:50:55, 261743, 
0875ed7588dcfdce190e0fd954b56be10b370428, 2021-06-23 18:27:59, 260187, 
57a8e2e2d7da0182a66c7f589d775348b63bbdbb, 2021-06-20 17:38:29, 249876, 
cd49b42a5cf332c26aa72be5a7a7ff5606e2ddb9, 2021-06-18 15:57:28, 240083, 
90bf4c7f3607f24429847bdec93e9d302d9ca356, 2021-06-15 19:38:44, 235962, 
b1c9f5e3037e69374e3b3ab2bdf0361f7e60f8f7, 2021-06-14 16:20:12, 232533, 
ceb5577405862e18f223e468749d0c8e44cfcd89, 2021-06-13 12:55:41, 231694, 
9c7ed34938bd2ef76c67752f9e0cfd267759e869, 2021-06-09 17:06:16, 225068, 
344e57036a803843c90d6c318f0d91038b8ce5e1, 2021-06-01 18:54:46, 202641, 
b38977525d6a550e90d62a1ef598fbe760f241bc, 2021-05-27 18:06:44, 195559, 
093b0f90a51f2c53658a80bde0f1dfc8adb1b580, 2021-05-13 18:24:55, 180712, 
f701b39109a8cf65432c6092f23a3b015a429c25, 2021-05-11 18:58:59, 180617, 
ae1643b4a4bbe34487f836e04dbbd2f068615f21, 2021-04-29 20:15:06, 179699, 
2aa6e603a7e5030b18113347bb21e8572af4ba73, 2021-04-25 10:14:30, 174962, 
c4b846753d0ed22df3c751831f20949d201df910, 2021-04-22 22:14:32, 176023, 
4e417f10017c3751f4aa307144b73e9892668577, 2021-04-21 23:06:47, 173715, 
0fda99117aa1a8f33431877a33697aa5a192ed30, 2021-04-17 19:13:50, 172980, 
8a6a9970d4040b3bd5e73573e9891830db7bbce9, 2021-04-14 23:17:27, 171236, 
cf7bd8d8229a0644b46a827c914069ae190e8d17, 2021-04-12 19:39:05, 169205, 
d16f9e597dc1c32bac2a020effc7455aef814d62, 2021-04-11 17:46:20, 168167, 
0199a706c95f6487e569da9cf02e21897803673f, 2021-04-08 20:24:48, 166581, 
3c3ac96412b77d7a63f502afbfdf404c9131067a, 2021-04-07 19:29:44, 165135, 
ed1109328556bbefd7be6e4d7696d252437f33eb, 2021-04-05 19:00:23, 164211, 
225b184b50d8e0e4a215262fc4db01600e7964ed, 2021-04-04 20:06:32, 161411, 
8e561a0d7951f615349ca5517ae04caa123dae67, 2021-04-02 16:27:16, 155186, 
594fd2fb41466909d7605e0240f30b387a99c451, 2021-03-28 21:49:43, 148019, 
8f680ab8e204f9250551e3762b9870946be1a539, 2021-03-24 23:44:09, 145898, 
f2ebe25c82762818ead775e36c9195720c2b1cb3, 2021-03-23 20:34:18, 143402, 
a5dcc642e6066e383a4e51e226d649c239c7f0bd, 2021-03-22 21:05:24, 141568, 
af3da1737afe806de18c33494dc83f1eda346e22, 2021-03-21 12:49:41, 140153, 
ac09b7d60d208355372b7d0f3dc44a618256a88f, 2021-03-17 20:30:49, 139547, 
09f371af4371a70d374c0ada60312c2ee6c514e0, 2021-03-16 16:38:50, 137326, 
47b39ed0d6338405a66b98efc0f3e541f47bdab6, 2021-03-15 15:40:34, 133690, 
01316664d9a1d39d53b5f2d90e0fa98e833e9466, 2021-03-12 23:48:01, 131109, 
580245a8e9cac91c94a3a95a17288df6239afe89, 2021-03-11 20:57:41, 127311, 
91636c9934ec6f854961d4ca9872352e8310c7da, 2021-03-09 21:16:30, 121681, 
1260e7e8f66df51f6bf404c8539f1545dc55749d, 2021-03-08 22:33:54, 119117, 
928509846f4ff1a18043f2c12cabe501e47cd36c, 2021-03-07 13:18:15, 116160, 
88720ff79c165558e3fc6d1d6b5596b090a6b8d8, 2021-03-05 17:49:02, 113470, 
783886a46f84156d1abc957850513267cc05c63c, 2021-03-04 19:56:21, 110987, 
ff01f6a39785db0db729573188be683964486255, 2021-03-03 18:24:50, 108305, 
1ef20c31c0cf5832fc39159f861ce463956226d8, 2021-03-01 20:33:58, 105942, 
170382130b891216cbf3bc3fc8b188236d0e460a, 2021-02-26 23:39:43, 105543, 
da2d335756b33774d68863e7cdc60471cb9d89d6, 2021-02-25 20:01:38, 103353, 
b293494c4a227ba469daf3705508c902771f68ef, 2021-02-24 12:30:57, 100815, 
163384aca60d7a16067d0e43f51ef26fe029a840, 2021-02-23 17:31:56, 98370, 
90e45433325c05b961f29d29b0ad5e0d41757c92, 2021-02-22 23:18:11, 103354, 
fe8dff9279a1850908b4bc18f5421f7a45240ad9, 2021-02-20 16:34:51, 102268, 
07364852b5ecbbaed431dacd4650e1891576f0aa, 2021-02-18 21:42:00, 99558, 
b9dfaeac7572c34751da3e5c5732554b81623af3, 2021-02-17 21:33:59, 97600, 
85d023f5e6e8563c6cd79cb1afc4a12ceac150d1, 2021-02-16 21:17:18, 94625, 
4048065f3e6edf2a64ae365716312dddc7cd1ffc, 2021-02-15 17:29:12, 91616, 
c5c205e2758923164147e8f1d081069810b9ef73, 2021-02-14 13:55:38, 89911, 
b8efabd7e93469a8a066de4927e76ea4bc23941b, 2021-02-13 14:42:04, 87492, 
9742707412034f53c76e842a3e3068ccf1dbe33e, 2021-02-11 23:37:42, 84355, 
7201a7efdd236aeeb168abf10acc73367aacbd84, 2021-02-09 15:17:51, 81477, 
cbaa50767d4fbf8be230a6a56866d6da053ad215, 2021-02-08 18:53:22, 78271, 
96919b0d00137b2419944991186b4f7fcf436d5c, 2021-02-06 15:18:13, 75768, 
d20cd26f1b6e9f6655db14458ae821f8a257ec03, 2021-02-05 21:33:03, 74188, 
019b8d6490fc95deff1f1ef98991cad8449a7077, 2021-02-04 22:01:39, 72086, 
0d2daa9d5325988ff7a7048dd05721cd6620c695, 2021-02-02 22:22:10, 68270, 
828bcf1fb13e5afe4081a85de73a362fae59a070, 2021-02-02 00:06:51, 67421, 
8438f5f88dbaab42d5ef1f68b67b1fc75084c90f, 2021-01-30 18:42:51, 65476, 
09a741ccb60cff8a5982a01a005146b316de69f6, 2021-01-29 23:32:38, 61682, 
123599930308af60e72000690418f031f62d85da, 2021-01-29 00:22:50, 58981, 
1b75eb5da900131d4f5689d79b31527bb55bc4df, 2021-01-27 20:41:07, 55699, 
1da1ab154a4aa5a1ca6e2bdb338510f5513e7b4d, 2021-01-26 22:32:22, 53230, 
d2e12ecd4422ef312407694ef390d010ef152c70, 2021-01-23 21:37:14, 51061, 
4a149be26879f88e29f49ecf4aaeaac7a5f944d7, 2021-01-22 19:23:42, 48047, 
58ab7303a17ecdacdffad784b54e06419bb67fd7, 2021-01-20 20:30:23, 45341, 
cc56476fb7bd2f77bae71fd487e27646df30c830, 2021-01-19 22:59:52, 42309, 
7f2169273ab4d47e0053a68cc4eb180d29c17192, 2021-01-15 19:38:59, 36354, 
5eeb30626a6acd159636a14f667dabc901cfa6fe, 2021-01-14 22:12:14, 35063, 
573421cc147bbd12b26cff867c55e4f969be1560, 2021-01-13 16:07:43, 34539, 
6e7aa60870d65120a67432e39c199cca7369b33a, 2021-01-12 22:57:35, 33216, 
287190d2b0e75d3a0c9f630e30ad7346ab05da43, 2021-01-08 19:27:39, 30311, 
b621d43f0cddd5f8dd5c40f4ec63e9e020ccb131, 2021-01-06 19:59:19, 27618, 
fea573dcd417f407564d0d2b0c90b2899f9dfb67, 2020-12-23 19:29:03, 25124, 
82ead318b4bcfb26da7b6236e52625304a57796f, 2020-12-22 15:35:08, 24687, 
67ddea4529fcca4bff05a05c6cf830d196f91dc3, 2020-12-18 15:06:47, 22959, 
c56e9a7570f65915f3a87ce989fba9b46f153ebf, 2020-12-17 19:06:21, 20508, 
c5fa69f2d356b6109cdf77834ac2044b1a373959, 2020-12-16 17:42:07, 19043, 
98d95e404f2288cdea5592f780f2c77712ab227f, 2020-12-15 19:23:37, 16952, 
7abf924dbc5ab2f7d5af1ca311601c6e9aa24108, 2020-12-14 21:51:26, 15738, 
ae519bf93127cc576116dea518fffa264be1f272, 2020-12-11 17:58:53, 14299, 
41dafca0265da232b22f255ce41b4468adb79d16, 2020-12-10 11:03:57, 12465, 
a54180d027370e79a277d9120fddd9a8b94d9952, 2020-12-02 15:43:36, 2948, 
f273b2e0ce7b84b7d24adfe835fbbb3dab97a43b, 2020-11-01 13:59:53, 1145, 
cddb5b9c4ba1d060e236917708bb78c3865f474b, 2020-11-01 12:44:58, 1104, 
