2021-08-11 00:00:00, 95d0ba87f282960178091b2f497f3a87bb2ed00d, 327921, 
2021-08-10 00:00:00, 8f31379d6b424109bb2bdf40c3af71ea048f51d9, 326391, 
2021-07-30 00:00:00, dc4e3d9dec82b5e1dd0faba7fa369414a382cc99, 315196, 
2021-07-15 00:00:00, c4b2c61f80087728b7099f625c217d099c2e5e85, 292391, 
2021-07-06 00:00:00, 174d4f2aa13d68e5383b4c964f7cb3d7d10f4b2d, 291514, 
2021-07-01 00:00:00, 61cb92a4c7da7fa67803c7ef60a3d27d0ccbfadf, 282115, 
2021-07-01 00:00:00, f285cd8f3ebe067ad4f5091ab4df58334bfcf753, 582968, 
2021-06-30 00:00:00, 292d6b33485a42870bb94413603d1c7f1f86e124, 582896, 
2021-06-29 00:00:00, 487496a61690bb4b96d63e92de978f82d28ae332, 580951, 
2021-06-24 00:00:00, fb0a7850467651d332dd36415c455915ff38f4a5, 564550, 
2021-06-23 00:00:00, 0875ed7588dcfdce190e0fd954b56be10b370428, 563010, 
2021-06-20 00:00:00, 57a8e2e2d7da0182a66c7f589d775348b63bbdbb, 538184, 
2021-06-18 00:00:00, cd49b42a5cf332c26aa72be5a7a7ff5606e2ddb9, 511937, 
2021-06-15 00:00:00, 90bf4c7f3607f24429847bdec93e9d302d9ca356, 505205, 
2021-06-14 00:00:00, b1c9f5e3037e69374e3b3ab2bdf0361f7e60f8f7, 500918, 
2021-06-13 00:00:00, ceb5577405862e18f223e468749d0c8e44cfcd89, 492991, 
